{
  "ext/controller/DownloadButtonController.js": 1717649381195,
  "Component.js": 1717649108643,
  "i18n/i18n.properties": 1717758061182,
  "manifest.json": 1717758186187,
  "ext/controller/DownloadController.js": 1717754002434,
  "ext/controller/DownloadController-dbg.js": 1717754002434,
  "ext/controller/DownloadController.js.map": 1717758186503,
  "ext/controller/DownloadButtonController-dbg.js": 1717649381195,
  "ext/controller/DownloadButtonController.js.map": 1717758186491,
  "Component-dbg.js": 1717649108643,
  "Component.js.map": 1717758186485,
  "Component-preload.js": 1717758186840,
  "Component-preload.js.map": 1717758186840,
  "css/styles.css": 1717751946531,
  "index.html": 1717649108643
}